Latent_1,Latent_2,Cluster
6.98468,4.446392,2
2.1756613,2.1069014,1
8.313506,5.221183,2
-2.618531,-0.011813179,0
9.619072,5.82161,2
2.2050226,2.0872076,1
5.719395,3.7699246,2
2.1116507,2.1562436,1
-2.554752,-0.0530165,0
1.4365034,1.6507328,1
6.5554557,4.1051545,2
-2.5900245,-0.063410655,0
7.7408895,4.6880794,2
-2.651466,-0.048955306,0
-2.6764786,-0.10508813,0
7.4647374,4.8004885,2
2.4491277,2.0386095,1
-2.7126272,-0.1300586,0
-2.6972241,-0.11027445,0
2.306334,2.0974522,1
-2.6684022,-0.044031277,0
6.7417765,4.2261133,2
9.529463,6.0191927,2
-2.6842577,-0.10764553,0
1.9874053,1.9013189,1
2.637094,2.1314702,1
7.3465786,4.602386,2
7.888868,4.8638268,2
7.2108297,4.3847556,2
2.1258214,2.0527873,1
5.901738,3.8598895,2
7.597817,4.72616,2
2.2044625,1.9514751,1
7.665427,4.7813225,2
-2.6158738,-0.04379584,0
2.1077256,2.1250587,1
1.9219555,1.7856832,1
-2.694723,-0.12060799,0
-2.6411116,-0.06117262,0
2.1258743,1.8047224,1
2.2137997,1.9857324,1
-2.671323,-0.10556628,0
-2.718867,-0.116571024,0
2.1632962,2.0122485,1
1.4389853,1.6087316,1
2.251439,1.9941362,1
6.2066984,3.9131336,2
2.7108748,2.2026663,1
2.230689,1.9781375,1
1.7880511,1.690416,1
1.9719692,2.1427138,1
2.2083652,1.9863819,1
-2.6851292,-0.079383746,0
-2.5810199,-0.09619577,0
7.0783796,4.438055,2
7.6317296,4.635454,2
-2.554757,-0.062214747,0
7.4871044,4.7567277,2
-2.6521819,-0.047158137,0
6.3132057,4.2958536,2
8.860986,5.505152,2
0.2849599,1.1624469,1
-2.6826653,-0.08927818,0
-2.6435716,-0.06386174,0
2.0643926,1.9650635,1
7.2997646,4.2166543,2
2.1955836,2.0735102,1
-2.6947777,-0.10599126,0
-2.6271186,-0.0691597,0
2.0803475,2.1897173,1
2.117738,1.9346575,1
8.8326235,5.578352,2
-1.7450235,0.16724811,0
2.4151194,2.1139061,1
-2.5651512,-0.055058137,0
2.0468392,1.9219698,1
2.1411176,1.951857,1
1.9707685,1.7089056,1
-1.4669052,0.65417373,0
-2.6087363,-0.10502823,0
6.0111537,3.9128218,2
-2.5849102,-0.066674784,0
6.6247935,4.080285,2
2.405895,1.9678365,1
-2.6745656,-0.076778606,0
-2.6682427,-0.08444692,0
-2.6298277,-0.03299083,0
2.187339,2.1033704,1
7.8337545,5.059712,2
2.2401078,2.2353528,1
0.14785413,0.9194687,1
-2.671683,-0.05541511,0
7.9833965,4.933074,2
5.8062024,3.6703565,2
2.1010675,2.008363,1
-2.5851471,-0.06864984,0
-2.6384661,-0.09129204,0
2.12405,1.8930112,1
-2.6424665,-0.058242753,0
7.842579,4.970174,2
-2.5931222,-0.055780068,0
2.0911865,1.9258232,1
2.3258305,2.1874835,1
5.948758,3.780692,2
6.8774414,4.236088,2
7.9857416,4.9271917,2
7.4227786,4.6422462,2
7.2876225,4.648635,2
-2.6175683,-0.03757693,0
2.540348,2.2834194,1
2.0762591,1.915306,1
-2.665901,-0.0041817576,0
-2.6265483,-0.103875175,0
-2.6216,-0.08601965,0
-2.6791089,-0.08447005,0
-2.611057,-0.068887934,0
-2.6243026,-0.06837426,0
2.1865757,2.0630875,1
6.2779636,3.9112816,2
-2.723551,-0.09129013,0
-2.6263745,-0.043966427,0
-2.6417298,-0.08990945,0
-2.7037294,-0.12398483,0
6.4567595,3.8240259,2
-2.542991,-0.02049388,0
2.200027,2.018508,1
-2.5821683,-0.09931226,0
-2.6971056,-0.04398276,0
-2.61573,-0.08164455,0
-2.553332,-0.02389194,0
2.2985234,1.7052299,1
-2.6447754,0.0038859695,0
1.8054632,1.8029809,1
-2.7348933,-0.08519401,0
2.0256295,1.9207709,1
2.044363,1.8358003,1
2.3607893,2.0102382,1
-2.5819197,-0.057539836,0
2.05455,1.7372915,1
-2.630348,-0.089192644,0
-2.6269019,-0.09817971,0
6.448078,4.034871,2
6.859002,4.3501863,2
7.0243416,4.470428,2
7.0552583,4.3333464,2
-2.6439464,0.03359346,0
-2.5881078,-0.07299782,0
6.835259,4.300766,2
1.5040586,1.7061946,1
2.2099664,2.040331,1
2.0353725,1.9574462,1
2.4231517,2.218549,1
2.1882722,1.932206,1
1.2921183,1.5287834,1
-2.7154918,-0.089454904,0
2.1309447,2.1387627,1
2.2535105,2.0400555,1
-2.647427,-0.09803106,0
6.2953434,3.981536,2
-2.630733,-0.10763128,0
2.3909395,1.9988519,1
2.1044314,1.925412,1
2.2450926,2.0196073,1
1.2791388,1.7026066,1
-2.6797054,-0.109962,0
-2.6068234,-0.06514861,0
-2.5999973,-0.10773434,0
1.627868,1.8074809,1
8.561556,5.0997515,2
-2.7057939,-0.13182588,0
2.332287,2.3090034,1
2.3892589,2.0431168,1
-2.654156,-0.09344436,0
-2.606201,-0.09864111,0
7.586836,4.718661,2
-2.7029178,-0.12565197,0
-2.6635647,-0.091433,0
-2.6249068,-0.059008345,0
2.1175787,1.924333,1
-2.6631024,-0.10328235,0
2.147674,1.9142103,1
-2.6295493,-0.08936252,0
-2.7031424,-0.11426218,0
2.057605,1.9539785,1
-2.5759385,-0.060308054,0
7.634656,4.738929,2
2.73543,2.2538772,1
2.5111182,2.0346336,1
-2.6506498,-0.080250755,0
2.2722461,1.9991323,1
2.1900172,2.0266833,1
1.4886432,1.5900947,1
-2.7271478,-0.05797477,0
6.4325953,4.054747,2
7.7896166,4.7844133,2
7.870999,4.865972,2
6.299969,4.4518576,2
-2.6222346,-0.08316852,0
-2.6525552,-0.10858168,0
2.0184247,1.8827876,1
-2.5944188,-0.106689826,0
2.0017,1.9207767,1
-2.52117,-0.044266656,0
-2.5758102,-0.063119665,0
2.0645413,1.9522723,1
-2.6556554,-0.08958836,0
-2.7184699,-0.099884406,0
2.083346,1.911705,1
2.0722616,2.1025758,1
-2.64694,-0.073100224,0
1.7860352,1.8706709,1
-2.7511694,-0.14405729,0
2.0779462,1.8943908,1
8.630978,5.121252,2
2.2219186,2.0239794,1
-2.6871824,-0.04000862,0
2.2780793,1.9126335,1
-2.59191,-0.10209878,0
2.083305,1.7969714,1
6.9394026,4.2627583,2
-2.5674734,-0.087846234,0
-2.543884,-0.075622335,0
-2.6499145,-0.08337714,0
-2.6989677,-0.09902389,0
-2.5256069,-0.041601017,0
-2.1136198,-0.0136704,0
-2.907498,-0.27788037,0
-2.6461003,-0.0794722,0
-2.6370287,-0.084129944,0
-2.7068598,-0.09823169,0
1.3673927,1.4740678,1
-2.5879762,-0.07675685,0
-2.6735399,-0.01599349,0
1.8244216,1.7221392,1
-2.7300682,-0.08777167,0
-2.6381829,-0.061862722,0
5.160306,3.4315462,2
-2.6610382,-0.102947965,0
-2.642903,-0.07641365,0
6.8151307,4.3274355,2
-2.6419218,-0.092720404,0
2.1639016,1.970141,1
-2.6557462,-0.06087686,0
7.10577,4.3970604,2
1.9239409,1.8718295,1
-2.671951,-0.09461768,0
-2.603954,-0.07289274,0
6.8135166,4.1692595,2
-2.5812204,-0.052250996,0
-2.6198857,-0.07796599,0
-2.6659772,-0.11220099,0
-2.5640392,-0.07350357,0
2.2111306,2.1681397,1
2.1982803,2.0104854,1
-2.532406,-0.097609535,0
-2.714748,-0.04794444,0
3.2708857,2.5147827,1
7.346635,4.6515465,2
-2.7122207,-0.08950092,0
2.3127518,2.0955336,1
-2.5848234,-0.06754531,0
2.1077743,1.793043,1
6.441125,3.9006667,2
7.067566,4.5495205,2
-2.6870248,-0.08453949,0
8.118855,5.0175967,2
-2.6734092,-0.06829657,0
-2.606024,-0.1073757,0
-2.648526,-0.079691365,0
-2.7097065,-0.11031969,0
2.0453088,1.630476,1
-2.6876702,-0.10820688,0
-1.7527509,-0.038795784,0
7.201211,4.748145,2
-2.6735141,-0.08223106,0
2.1948235,1.8776509,1
-2.6476698,-0.0836025,0
7.686549,4.8913193,2
1.9586976,1.7803932,1
-2.53344,-0.04580827,0
2.8132312,2.1924694,1
-2.6244018,-0.058776155,0
3.2777903,2.430232,1
7.4827857,4.5934076,2
7.664082,4.903615,2
-2.6578548,-0.10033502,0
-2.5993803,-0.07105376,0
-2.579656,-0.04217352,0
7.3310466,4.180993,2
-2.5885463,-0.06361748,0
-2.5859146,-0.07161941,0
-2.5917947,-0.04778482,0
-2.6956227,-0.108283415,0
5.7849717,3.6941328,2
-2.7089763,-0.12604441,0
-2.6378024,-0.072979346,0
2.3116817,2.0360777,1
-2.5731177,-0.0635878,0
1.8878577,1.7045015,1
6.290509,3.9002833,2
-2.715384,-0.12966289,0
8.038059,4.609592,2
2.065741,1.8569907,1
7.5150747,4.710696,2
-0.469437,0.7843782,0
8.14999,5.0551443,2
7.4080443,4.6648035,2
-2.689275,-0.08627881,0
7.194933,4.537533,2
7.5324125,4.645416,2
6.876905,4.360127,2
-2.6554248,-0.10910322,0
-2.73571,-0.12614258,0
-2.7021787,-0.09674986,0
-2.6152089,-0.051851287,0
1.5669215,1.5270919,1
6.757662,4.250004,2
-2.593499,-0.056110993,0
2.3543997,2.1833785,1
-2.6625955,-0.102328196,0
-2.659158,-0.10596813,0
1.9703227,1.7247564,1
-2.5872118,-0.094817415,0
-2.675563,-0.068188205,0
2.0969574,1.9615291,1
2.1307113,1.9611677,1
2.4277027,2.0692546,1
7.615557,4.746123,2
-2.6927512,-0.086989895,0
-2.6545777,-0.07098253,0
8.760032,5.1989594,2
6.169798,3.8734267,2
2.041141,1.8900505,1
2.1327267,1.835799,1
7.585244,4.8194437,2
2.032815,2.019473,1
-2.505108,-0.01613845,0
2.087313,1.8147875,1
1.9046801,1.7731464,1
2.0299969,1.9003593,1
2.1483893,2.008974,1
-2.6405685,-0.08067186,0
2.150699,2.0398803,1
-2.6704512,-0.058083788,0
-2.7154706,-0.123180285,0
2.0217483,1.9199194,1
2.3201265,1.9365989,1
-2.6959436,-0.12450589,0
6.936535,4.3367195,2
6.5562773,3.92026,2
-2.6651945,-0.042350844,0
-2.5883515,-0.062508956,0
-2.6164153,-0.080749646,0
6.0934095,3.8980017,2
6.2140183,3.802971,2
2.037997,1.915464,1
-2.6653492,-0.0963427,0
-2.5713198,-0.20625557,0
-2.611809,-0.03362228,0
-2.5983493,-0.048378482,0
-2.5691116,-0.06726648,0
2.2719772,1.8443881,1
3.276509,2.4748352,1
2.3221314,2.0784564,1
-2.7042627,-0.07816179,0
-1.291609,0.40445924,0
2.1656613,2.091981,1
-2.6092427,-0.058493927,0
-2.7028763,-0.0547712,0
7.308423,4.4528904,2
2.160286,1.9513875,1
1.9165924,1.8607757,1
-2.778793,-0.112750545,0
6.824478,4.497504,2
3.7043788,2.7471118,1
6.6810565,4.154158,2
-2.6663496,-0.04379393,0
1.9813702,2.1459856,1
7.458604,4.5250077,2
-2.7232692,-0.1401775,0
-2.6596715,-0.050080612,0
1.9454614,1.75392,1
-2.633032,-0.07508613,0
7.076062,4.4448953,2
1.9698695,1.8071057,1
2.3776238,1.9727321,1
1.9733288,1.9006675,1
-2.6205955,-0.083225146,0
8.606261,5.307369,2
-2.5465295,-0.04057969,0
3.7279305,2.7171369,1
-2.4248302,0.18970297,0
4.8455544,3.0907326,2
2.194439,1.9700536,1
2.314881,1.9332615,1
2.2231479,1.8657973,1
2.2071357,1.9189233,1
-2.642649,-0.056388512,0
2.156144,1.9222764,1
-2.7213442,-0.10833652,0
2.2487342,2.0330665,1
2.1352494,1.9563563,1
-2.7118995,-0.1060967,0
-2.5956492,-0.07485391,0
2.35568,1.9562689,1
7.693786,4.8372517,2
-2.6408126,-0.107386306,0
2.022959,2.087514,1
-2.5674484,-0.109123245,0
7.2184253,4.6589317,2
-2.6493971,-0.09792389,0
2.297318,1.9533993,1
-2.6303647,-0.05767323,0
-2.6154304,-0.021335557,0
2.125763,1.9590614,1
-1.1781467,0.70263714,0
7.9860697,4.933859,2
-2.5291557,-0.03037621,0
-2.6679032,-0.048221484,0
2.1707428,1.9694662,1
-2.6166513,-0.064984575,0
2.0418112,1.9332321,1
1.9397855,2.1068995,1
-2.6735108,-0.081210986,0
2.327252,1.8323914,1
2.143816,2.0320787,1
-2.634106,-0.089788154,0
-2.7207334,-0.13137914,0
-2.6834276,-0.05811985,0
-2.57279,-0.0884148,0
2.0690553,1.9079037,1
-2.5974863,0.0655977,0
1.797114,1.6278743,1
2.0330596,2.037911,1
-2.747495,-0.09853102,0
2.18528,2.0050542,1
7.9468403,4.931069,2
-2.7141259,-0.0657713,0
5.911731,3.7947383,2
2.1375153,1.9627398,1
7.277398,4.5141034,2
2.4052887,2.2744148,1
6.51396,4.1864147,2
-2.6995833,-0.0375026,0
2.001058,1.976099,1
-2.6800268,-0.110725895,0
2.2856607,1.8733844,1
7.777028,4.8512106,2
-2.6541753,-0.05462052,0
-2.6124043,-0.053332463,0
-2.6115234,-0.12688603,0
8.600669,5.107349,2
2.31171,2.1622286,1
2.4458063,2.088542,1
-2.6377118,-0.086487666,0
-2.5519738,-0.05852212,0
6.7314005,4.2199597,2
2.1356683,1.9351047,1
-2.6793191,-0.08636053,0
-2.6708107,-0.08573152,0
2.3572748,1.9999716,1
2.1393595,1.9646664,1
7.635671,4.7849364,2
2.455474,1.9061447,1
-2.6616943,-0.101760164,0
5.8267145,3.8288302,2
5.9191475,3.930445,2
2.1663473,1.7994277,1
2.04414,1.8959254,1
6.550928,4.1613774,2
1.830935,2.0120337,1
7.018916,4.303249,2
2.041024,1.9983035,1
-2.7292597,-0.09854163,0
-3.1283667,-0.4727683,0
-2.6719706,-0.11965753,0
-2.6666043,-0.10410608,0
2.161905,1.9803535,1
3.2488847,2.5010972,1
2.4628708,1.9689919,1
7.021316,4.524706,2
-2.69978,-0.080413595,0
2.0622723,1.8668917,1
1.8910103,1.9106132,1
-2.6444085,-0.07578422,0
-2.6483366,-0.03686662,0
8.074529,4.8692236,2
-2.5618207,-0.04309143,0
2.2753913,1.9605035,1
2.0952709,1.9373748,1
-2.6759486,-0.10208537,0
-2.693187,-0.073656574,0
2.138501,1.96022,1
7.3733883,4.738887,2
-2.6642241,-0.062064722,0
-2.5930235,-0.073740974,0
2.0683737,1.9025134,1
8.663404,5.374411,2
7.3353605,4.5442524,2
6.016356,3.6861155,2
2.2787094,1.9629984,1
-2.6424682,-0.10625096,0
-2.5773098,-0.024603143,0
-2.6007879,-0.09814103,0
-2.6017838,-0.087160066,0
2.016328,1.8505745,1
7.516034,4.6800785,2
-2.6447148,-0.09722866,0
7.915383,4.9412804,2
2.0996811,1.9365612,1
-2.6867163,-0.10402574,0
2.2430565,2.2743838,1
-2.664375,-0.12534912,0
-2.658116,-0.09860481,0
-2.668108,-0.05100055,0
-2.7279658,-0.061091498,0
-2.644821,-0.080900505,0
-2.7532346,-0.10267426,0
2.460775,2.008077,1
-2.6674144,-0.10954155,0
-2.5723102,-0.02005054,0
2.9711218,2.2418025,1
-2.6659086,-0.050491825,0
2.1882482,1.9298611,1
2.3721144,2.0193675,1
-2.5798886,-0.101214305,0
-2.6299193,-0.052632824,0
-2.765276,-0.10371591,0
-2.6436508,-0.09507014,0
-2.7079375,-0.11178477,0
-2.579257,-0.07199384,0
-2.6615727,-0.07374342,0
-2.6438243,-0.032955006,0
5.1908083,3.4504933,2
-2.6505039,-0.083751336,0
-2.6236246,-0.059986547,0
7.0109954,4.216771,2
7.40446,4.8796306,2
6.884465,4.342613,2
-2.5881484,-0.07182862,0
-2.6587412,-0.0859008,0
4.5993867,2.9530358,1
-2.624801,-0.09531082,0
2.3459654,2.0256522,1
2.1347291,1.9477268,1
-2.5103965,0.13917921,0
3.1544664,2.2363338,1
-2.597698,-0.027703062,0
6.812152,4.2756844,2
2.3164213,1.9377626,1
-2.6438153,-0.0899203,0
7.8182907,4.938055,2
10.831925,6.173128,2
6.8869514,4.34946,2
7.8248715,4.7580886,2
2.0386446,1.9350531,1
2.1688282,2.0169861,1
-2.6082783,-0.086858585,0
7.3596754,4.5615354,2
8.4612465,5.271719,2
2.2933195,2.0694952,1
-2.7071388,-0.053831473,0
7.9148035,4.839599,2
7.060402,4.372634,2
2.1070185,1.8987883,1
-2.6949828,-0.09929092,0
2.2096899,1.7884412,1
1.9195805,1.9162076,1
-2.648556,-0.093751445,0
2.477096,1.9360054,1
-2.7105553,-0.12585141,0
-3.2373013,-0.3760478,0
2.0440192,1.8163594,1
2.1054332,1.9673537,1
7.332547,4.5577936,2
1.9891858,1.9359306,1
2.1358829,1.9297231,1
-2.6433337,-0.081293,0
7.000346,4.392975,2
6.0500264,3.8748176,2
7.6193047,4.661668,2
2.1249444,1.9369732,1
1.9445589,1.804079,1
2.4052522,1.9771332,1
1.9948592,2.021107,1
2.6340673,2.185179,1
2.1334977,2.0176253,1
1.6017737,1.6645075,1
1.9876631,1.933082,1
2.0018127,1.7564105,1
6.8515368,4.26246,2
1.6714801,1.4956533,1
7.736281,4.796434,2
-2.653458,-0.11838193,0
2.2033195,2.0699966,1
2.1496713,2.068863,1
7.9360204,4.846413,2
2.0343142,1.8133358,1
5.3075795,3.4494011,2
2.1002827,1.9493703,1
-2.674938,-0.09700848,0
-2.4678173,0.16416721,0
2.257846,1.9319571,1
-2.6055858,-0.040155485,0
-2.6570199,-0.04633178,0
-2.6604514,-0.08676101,0
1.9873185,1.9088601,1
2.5244823,2.2515073,1
-2.6236317,-0.033464447,0
-3.4456594,-0.62694484,0
7.169725,4.465345,2
3.9082081,2.8065588,1
-2.669221,-0.103510454,0
-2.6175444,-0.05247684,0
2.061183,2.137369,1
-2.58879,-0.0953318,0
-2.7320116,-0.12240429,0
1.7960505,2.0124311,1
-2.710261,-0.10109259,0
-2.7155597,-0.08099367,0
-2.5517447,-0.030672088,0
-2.6262677,-0.09164514,0
2.1427436,1.9890748,1
-2.7007093,-0.10828252,0
-2.5458233,-0.1165594,0
2.9001386,2.1723082,1
-2.6260126,-0.05196394,0
-2.6799033,-0.09088798,0
7.4644413,4.8057966,2
3.7407868,2.5717676,1
2.1141984,1.8725625,1
-2.665764,-0.11361195,0
-2.5887625,-0.072322026,0
6.807538,4.2461104,2
-2.5345504,-0.024540678,0
8.197374,4.9778237,2
3.2849,2.6884415,1
2.2626579,2.0254104,1
2.2309606,2.0656786,1
-2.5834801,-0.059410766,0
6.7127476,4.1246324,2
2.1183343,1.97938,1
-2.6925657,-0.048202947,0
-2.6648846,-0.0075452477,0
-2.6078985,-0.09592022,0
-2.7108881,-0.12899716,0
1.3645175,1.6239113,1
-2.680971,-0.10249634,0
-2.563258,-0.042789474,0
2.1839168,1.9457456,1
-1.8041923,0.30566925,0
-2.7026923,-0.046057418,0
2.131032,1.9859904,1
-2.596524,-0.04863824,0
-2.5620863,-0.093636766,0
1.9046547,1.9587013,1
7.639707,4.781316,2
7.5051355,4.6173954,2
2.0603318,1.9284886,1
7.625348,4.6876507,2
2.2659678,2.2327528,1
2.1292315,1.765872,1
6.925622,4.364788,2
2.1683345,1.7928692,1
-2.6245327,-0.061088756,0
-2.6280534,-0.094032004,0
2.2074573,1.9681414,1
2.1858604,1.9844427,1
7.2893505,4.63263,2
-2.736739,-0.093223706,0
-2.9051888,-0.1873845,0
-2.7971902,-0.3086158,0
2.1407123,1.8766698,1
-2.6256297,-0.047289744,0
-2.6818178,-0.07993759,0
-2.735502,-0.14731582,0
-2.7639844,-0.14962162,0
2.0979698,1.9670223,1
-2.6112058,-0.085819975,0
-2.654205,-0.09253313,0
6.1054573,4.055564,2
-2.599195,-0.05299087,0
6.0785995,3.9491436,2
-2.6627522,-0.052178934,0
-2.5694494,-0.06910397,0
7.50614,5.0834084,2
-2.6736057,-0.075304344,0
-2.54551,-0.026826754,0
2.1940203,2.0085034,1
-2.6312828,-0.1117201,0
-2.7392418,-0.09691633,0
2.2853305,1.9161217,1
2.0993357,1.7495683,1
2.5254421,2.153183,1
7.014536,4.2911463,2
2.1171691,1.8109491,1
2.2171516,2.0233057,1
6.88249,4.3298416,2
7.6279907,4.7003546,2
2.782465,2.3959103,1
2.1707587,1.7482591,1
-2.612106,-0.07901777,0
-2.6762614,-0.09787591,0
-2.5934703,-0.08232744,0
-2.6024559,-0.079291955,0
2.138963,1.9582127,1
6.8294306,4.3351383,2
-2.7122648,-0.09549321,0
-2.6104136,-0.026144937,0
2.389645,1.9960066,1
-2.606298,-0.04282351,0
2.1323562,1.8777102,1
2.1376898,1.9816679,1
-2.6516497,-0.06288977,0
6.209627,3.8971891,2
-2.6961386,-0.11465515,0
2.539933,2.15411,1
2.9300225,2.2478642,1
-2.6518338,-0.06251903,0
6.3939834,3.958602,2
1.9846103,1.9289683,1
1.9908273,1.9194411,1
7.0604715,4.392459,2
2.1938372,1.9302843,1
2.085928,1.9119824,1
2.186207,1.954877,1
-2.6803339,-0.08397497,0
2.225079,1.8088144,1
-2.6801236,-0.08617844,0
-2.5807016,-0.09810443,0
6.850692,4.286088,2
2.1791353,2.005243,1
6.1683598,3.9272518,2
7.8536024,4.9452915,2
1.9503541,1.8134664,1
7.8129416,4.943387,2
2.3872542,2.128982,1
2.1661515,2.0781617,1
7.972275,5.033988,2
-2.5513957,-0.12427135,0
2.3959367,2.0539033,1
1.97701,1.7858313,1
2.3093255,2.1759634,1
2.0297115,1.9352654,1
8.458843,5.2528286,2
-2.640923,-0.06398709,0
-2.6420481,-0.07100083,0
-2.6915958,-0.10184343,0
2.1473246,2.1525826,1
-2.6749423,-0.065580204,0
-2.6952422,-0.11161162,0
7.1624994,4.49763,2
2.0708065,1.8930134,1
7.808036,4.900198,2
3.1167953,2.4344163,1
1.947826,2.1764925,1
6.200473,3.8885603,2
-2.6859066,-0.04381253,0
2.0112891,1.8783265,1
8.13619,5.101799,2
-2.6372411,-0.07972111,0
2.009288,1.9714681,1
2.1259549,1.9394265,1
7.4320965,4.979901,2
-2.5942938,-0.07536836,0
-2.6768386,-0.10839678,0
-2.6724758,-0.077167526,0
0.6027668,1.2576634,1
-2.722434,-0.10357417,0
-2.6285331,-0.03648354,0
2.8380344,2.1510932,1
2.1632862,2.0471466,1
-2.6566484,-0.07419635,0
7.3551044,4.5034413,2
-2.5441535,-0.041986123,0
2.1405642,2.2727501,1
2.357027,1.9811527,1
2.3325937,1.7951527,1
-2.5928345,-0.06135626,0
6.2893624,3.9685206,2
-2.5916235,0.05786805,0
2.1332088,2.2855039,1
-2.5619824,-0.07131292,0
-2.646747,0.0026469082,0
7.0488863,4.3703027,2
5.88474,3.7865508,2
4.0635953,3.129557,1
-2.566973,-0.12230612,0
8.219029,4.9190288,2
6.626423,4.1626334,2
1.9651582,1.8781221,1
-2.60515,-0.08140458,0
2.1267512,1.9821566,1
-2.6457508,-0.09166135,0
6.799557,4.1722074,2
2.1883903,2.0169928,1
7.094924,4.455277,2
2.1022553,1.8963093,1
-2.5121922,-0.047546282,0
2.1006513,1.9751173,1
-2.6203363,-0.08684309,0
-2.66974,-0.10947479,0
-2.5994127,-0.082332686,0
2.060282,2.010477,1
2.0962505,1.9944204,1
-2.6086924,-0.06831564,0
-2.7005007,-0.04646291,0
7.834491,4.9626904,2
1.4565722,1.507249,1
2.16434,2.0197403,1
-2.6163547,-0.036727622,0
2.5301154,2.2997406,1
2.4566314,2.1900635,1
1.823381,2.0354097,1
7.0412526,4.399636,2
-2.6777356,-0.10987295,0
-2.6823611,-0.08516796,0
-2.6088114,-0.0627927,0
-2.5675266,-0.055917755,0
7.1169844,4.4951997,2
-2.7238357,-0.13827343,0
-2.6130803,-0.09604974,0
2.1034222,1.9605557,1
-2.6566541,-0.07818206,0
7.079692,4.421594,2
-2.6094356,0.058254644,0
1.3099895,1.5176326,1
-2.6045864,-0.03370358,0
-2.6759737,-0.090627745,0
-2.6846983,-0.089480534,0
2.1373377,1.9737992,1
7.956133,5.0186524,2
2.1898906,1.9905463,1
-2.702973,-0.11824836,0
-2.6384385,-0.088290945,0
-2.5926983,-0.057298377,0
7.2155585,4.4135127,2
1.9903682,1.9654675,1
-2.5535243,-0.08749445,0
2.29574,2.0035532,1
7.3126974,4.5363874,2
7.721756,4.872739,2
-2.65248,-0.111018315,0
6.4852285,3.9860945,2
-2.6573393,-0.084619656,0
1.9637581,1.808562,1
-2.6257312,-0.066718355,0
2.2148297,1.9499732,1
-2.6060336,-0.07683261,0
-2.6520598,-0.08322276,0
2.423107,2.005411,1
6.5000763,3.9027815,2
5.1152077,3.4619024,2
-2.7147596,-0.08886863,0
5.892679,3.795868,2
2.1167963,1.8809189,1
-2.558345,-0.08728959,0
7.115303,4.4089355,2
-2.5671337,-0.035450473,0
-2.7486088,-0.12559737,0
-2.6410239,-0.062512115,0
-2.6505675,-0.062326923,0
-2.7360704,-0.13692011,0
2.067445,1.9326066,1
2.2065535,1.9739114,1
2.1071458,1.8622271,1
2.1708608,2.101172,1
7.489703,4.5904236,2
-2.6748269,-0.099628225,0
2.024975,1.8875443,1
7.3406153,4.459597,2
2.1129615,2.0298452,1
2.1806417,1.9760942,1
-2.6909459,-0.08569957,0
2.7341633,2.2479181,1
2.3013158,1.742951,1
2.1423957,1.9886334,1
2.5709643,2.1642153,1
2.2171323,2.00778,1
-2.6945283,-0.11098017,0
-2.6873255,-0.049579933,0
-2.5282855,-0.087326065,0
2.2520573,1.8804635,1
-2.6044748,-0.07029809,0
2.10367,2.04563,1
-2.6287153,-0.08710779,0
-2.6023612,-0.08282675,0
-2.5654979,-0.049193874,0
-2.6364963,-0.10868628,0
-2.586256,-0.1049694,0
-2.5405486,-0.064847484,0
-2.5824578,-0.050690785,0
-2.668061,-0.12347318,0
-2.7100918,-0.1312839,0
2.1362572,1.9674362,1
6.3777466,4.123832,2
-2.6415207,-0.09171952,0
4.7353864,3.105309,2
-2.6244519,-0.08375616,0
-2.5434515,-0.02487041,0
1.9846706,1.793111,1
7.0382614,4.339006,2
-2.2698357,-0.13286765,0
-2.6475253,-0.08250435,0
-2.622287,-0.07658197,0
-2.5809712,-0.06283839,0
8.209135,5.161237,2
2.4116933,2.014533,1
7.324049,4.4773464,2
-2.7502458,-0.14209272,0
-2.656275,-0.06006755,0
2.1576016,1.9035519,1
-2.6059487,-0.0019253641,0
5.5349817,3.5192943,2
2.1089892,1.9971912,1
-2.7265692,-0.10944636,0
6.4717035,4.101572,2
2.858783,2.1588595,1
-2.6946204,-0.13011773,0
-2.6339266,0.025391564,0
-2.6879206,-0.06752689,0
-2.71956,-0.093885794,0
-2.6032333,-0.05293663,0
-2.7157357,-0.115494266,0
4.843905,3.3436193,2
-2.6372063,-0.09460522,0
6.557376,4.199789,2
-2.6732206,-0.09126462,0
7.1291924,4.9286957,2
-2.6248333,-0.06441231,0
2.4100847,1.9091264,1
2.089524,1.977308,1
6.0867968,3.8124175,2
2.210442,1.9657182,1
-2.6630633,-0.035311535,0
8.069375,5.032406,2
-2.693559,-0.04438086,0
2.187692,2.010567,1
-2.5613153,-0.02692224,0
4.8266344,3.2924309,2
2.1517627,1.9684287,1
7.0442867,4.4387527,2
7.6506243,4.7593513,2
-2.669148,-0.06090243,0
-2.6063442,-0.09084858,0
-2.6304376,-0.061034635,0
-2.6063135,-0.03453912,0
-2.541642,-0.042011157,0
2.7340093,2.2374573,1
2.0960236,1.9226236,1
2.1801355,1.9231194,1
1.6125466,1.5922352,1
7.4251094,4.6838026,2
-2.6083858,-0.05213733,0
6.6395235,4.1696663,2
0.58765507,1.1396651,1
5.547774,3.5755825,2
2.1695096,1.8629596,1
-2.5989456,-0.063949004,0
-2.6420548,-0.07128008,0
-2.598204,0.043562397,0
1.8997382,1.9398934,1
-2.672668,-0.110118106,0
-2.6947477,-0.060311332,0
-2.6777484,-0.11408509,0
2.0207582,1.9207593,1
3.1944206,2.3607209,1
2.2237542,2.0340807,1
1.94213,1.9774207,1
-2.653594,-0.06624211,0
-2.6003098,-0.087184146,0
-2.7398427,-0.056353405,0
-2.691504,-0.12009241,0
2.162666,1.9312848,1
6.3619328,4.042862,2
-2.638985,-0.058363095,0
2.2842255,1.9001993,1
-2.6628106,-0.059931412,0
2.36805,2.052475,1
2.0080569,1.894502,1
-2.7449048,-0.13237275,0
2.269947,2.095729,1
2.2737584,1.9572664,1
-1.4765568,0.35944426,0
2.189053,1.9084765,1
7.631078,4.653268,2
-2.711591,-0.1183445,0
7.406062,4.589756,2
2.1049364,1.924116,1
-2.589731,-0.062756136,0
-2.6976817,-0.105670586,0
-2.5771902,-0.058328465,0
2.1601937,1.9855566,1
-2.7175086,-0.120517686,0
2.1538045,1.9717344,1
7.9486356,5.0708995,2
-2.6776314,-0.11171074,0
-2.540422,-0.07832755,0
-2.5798476,-0.06850959,0
-2.3263338,0.26020926,0
3.260759,2.3991158,1
-2.6360557,-0.047052518,0
-2.6059856,-0.07667495,0
2.117342,1.9541014,1
2.0421255,1.9105811,1
-2.6135652,-0.061875835,0
2.187924,1.7767055,1
8.166796,5.3833055,2
-2.6779497,-0.06449629,0
-2.6634629,-0.08999516,0
-2.6181633,-0.08250071,0
7.510868,4.6710668,2
2.546302,1.8973151,1
2.1733902,1.975042,1
1.6584139,1.8566934,1
-2.6346338,-0.09354366,0
7.7304945,4.957093,2
-2.668793,-0.0070337206,0
2.1676297,1.728947,1
2.0340686,1.8182839,1
8.697268,5.168332,2
2.0681603,1.9232398,1
-2.6208303,-0.08807804,0
-2.6621668,-0.06042488,0
-2.6892216,-0.11930527,0
-2.6523287,-0.075286284,0
-2.6598399,-0.10056235,0
-2.662709,-0.11119677,0
-2.6827977,-0.04263468,0
-2.6509776,-0.10161443,0
-2.6922686,-0.11570968,0
-2.6436718,-0.096763626,0
-2.6509037,-0.1073844,0
-2.795374,-0.23972328,0
-2.6304512,-0.06632109,0
-2.6470306,-0.050728515,0
2.4793217,2.1256318,1
-2.5584974,-0.09484072,0
2.5482345,2.0771239,1
6.040286,3.9888701,2
2.2518437,1.8515753,1
0.47627306,1.2488587,1
6.3379803,3.8642175,2
-2.685857,-0.05802901,0
2.3482492,1.9687842,1
8.054617,4.990121,2
-2.6921897,-0.091586486,0
-2.543816,-0.10936548,0
2.0558546,1.9312971,1
-2.6707802,-0.10495128,0
2.1150537,1.9648818,1
5.8008976,3.619834,2
7.2706394,4.5464535,2
-2.678501,-0.089602664,0
-2.6247227,-0.05835922,0
2.9601662,2.1203165,1
8.388569,5.193495,2
7.8730354,4.684392,2
-2.6243727,-0.06401558,0
6.296173,3.9081235,2
-2.6367576,-0.07421936,0
8.905185,5.5893965,2
-2.5710187,-0.10370745,0
-2.7284968,-0.1409886,0
-2.7134273,-0.07690783,0
-2.6491363,-0.079679385,0
2.121873,1.9388031,1
0.87568426,1.3955183,1
7.4339976,4.6580057,2
2.4687603,2.0081728,1
-2.695512,-0.112304226,0
2.2959807,2.0053058,1
2.1007059,1.9053205,1
-2.6756716,-0.096291676,0
-2.560507,-0.051443055,0
7.0841575,4.3174987,2
-2.6314023,-0.090975,0
2.1883533,1.93459,1
-2.660732,-0.08741821,0
-2.6055958,-0.083676055,0
2.2238758,2.0082724,1
-2.5753322,-0.09395565,0
-2.6751869,-0.10801728,0
6.9967356,4.4413714,2
-2.7273037,-0.13621558,0
-2.691542,-0.10108782,0
2.2266285,2.023901,1
-2.6734858,-0.0829999,0
2.0412414,2.0762079,1
2.1645534,1.9505635,1
7.68651,4.7670116,2
6.7007136,4.2130003,2
6.6146636,4.2221756,2
-2.636037,-0.09023024,0
-2.5801075,-0.023640767,0
2.1940668,1.9654247,1
7.028423,4.484513,2
2.0287936,1.8793507,1
-2.689623,-0.11319162,0
-2.6269603,-0.06535579,0
7.0056157,4.3924785,2
-2.7398782,-0.1371348,0
-2.6594908,-0.09586258,0
7.237547,4.426564,2
7.4153404,4.5959806,2
2.2230654,1.9069571,1
1.9804351,1.9087526,1
2.3841276,1.9309486,1
-2.4893873,-0.0021270663,0
2.1290026,1.9554138,1
2.6454275,2.1122649,1
2.1677318,1.9431803,1
-2.6929264,-0.08007927,0
-2.6511881,-0.08110042,0
10.478586,6.420958,2
2.1789405,1.9655544,1
2.2313328,2.0037725,1
2.4357004,1.9845455,1
-2.563081,-0.046166554,0
7.5464973,4.6802263,2
5.4597664,3.6282678,2
2.3066742,2.0295012,1
-2.627127,-0.07996203,0
2.2232792,1.9010898,1
6.7266707,4.1748815,2
-2.5341058,-0.0899194,0
1.6228385,1.6587034,1
-2.6989658,-0.091634646,0
-2.645353,-0.077437416,0
2.270598,2.0027015,1
2.3101213,2.083182,1
5.23635,3.4287422,2
2.3388364,1.8449694,1
7.8673162,4.740828,2
3.5123684,2.5684175,1
1.2941056,1.3438965,1
-2.6642983,-0.068425074,0
1.8827614,1.7367994,1
2.1203318,1.9535557,1
2.146777,1.956474,1
1.8443652,1.682886,1
4.234457,2.9829092,1
-2.641833,-0.08100261,0
2.0915306,1.9258965,1
2.0791633,1.839868,1
2.1676457,1.9727312,1
2.0327418,2.1020916,1
-2.6399572,-0.04328002,0
-2.6129801,-0.08335234,0
2.165554,2.0575955,1
2.4193387,2.3189535,1
2.1224842,1.8243262,1
-2.6731384,-0.09508999,0
1.9487627,1.9253086,1
6.843814,4.271448,2
-2.619335,-0.03727354,0
-2.6473606,-0.08743705,0
-2.9691665,-0.20257188,0
6.7084856,4.261686,2
-2.659571,-0.10377695,0
-2.6164958,-0.057870075,0
-2.6408832,-0.071283594,0
3.2059855,2.0012572,1
4.180667,2.784125,1
-2.6444833,-0.07374515,0
6.6752014,4.148527,2
2.1493375,1.7482625,1
-2.6628358,-0.03823264,0
7.611128,4.794839,2
-2.6839397,-0.13026114,0
3.0024977,2.405876,1
-2.6435268,-0.21403737,0
2.4040487,2.0567377,1
1.9882665,1.9545833,1
-2.701879,-0.13133706,0
-2.6471539,-0.09903152,0
-2.6775482,-0.10345657,0
2.001462,1.9141129,1
-2.6243045,-0.08290888,0
-2.6061823,-0.08333941,0
-2.647134,-0.082898214,0
7.1184716,4.3625755,2
-2.6298556,-0.09543957,0
2.1372252,2.0686653,1
-2.656846,-0.10254003,0
-2.6286848,-0.09667863,0
7.4258833,4.6617613,2
2.0212953,1.7285728,1
-2.6102355,-0.07765885,0
1.8950824,1.7849714,1
1.529475,1.7186002,1
6.3326993,4.2259808,2
-2.6380005,-0.07421185,0
2.482929,2.289051,1
1.7694064,2.0314164,1
-2.5664582,-0.063190356,0
4.073702,2.9995806,1
-2.5736644,-0.05399199,0
7.03026,4.392247,2
-2.6780834,-0.044565395,0
-2.6901515,-0.106667176,0
2.30146,1.9707068,1
-2.6475651,-0.020452455,0
2.130077,1.9811816,1
2.1435819,1.9530166,1
-2.604367,-0.01610507,0
-2.6649988,-0.072260454,0
2.1906242,2.1719391,1
-2.603737,-0.039152637,0
-2.709061,-0.129725,0
-2.7268882,-0.13512994,0
6.542982,3.897695,2
-1.7655325,0.15613751,0
2.1356163,2.1020904,1
-2.6715825,-0.12191756,0
-2.6642666,-0.042775467,0
2.3088424,2.1816454,1
-2.5832496,-0.07515599,0
2.0552166,1.879125,1
-2.626342,-0.10886212,0
5.2270455,3.6289423,2
-2.6464996,-0.08718337,0
-2.632448,-0.059840873,0
-2.5171893,-0.023376241,0
-1.6295199,0.2733112,0
2.2177904,1.9663991,1
2.188271,1.9969543,1
-2.5755434,-0.06110443,0
8.642351,5.1912875,2
-2.591393,-0.020798698,0
-2.6076372,-0.085007265,0
7.742931,4.8040876,2
-2.6036158,-0.022020772,0
6.4657936,3.9479747,2
-2.673054,-0.06849016,0
2.41967,2.0692518,1
2.1388767,1.9262604,1
7.8072405,4.4652643,2
2.351268,1.8408324,1
2.2737772,2.2647946,1
3.726943,2.6135323,1
6.37497,4.092943,2
2.4761314,1.9960968,1
-2.663789,-0.079418674,0
-2.6332874,-0.096744016,0
-2.630681,-0.049641177,0
-2.5928597,-0.10678823,0
8.118577,4.961386,2
-2.6404738,-0.11313875,0
2.3068094,2.08224,1
-2.681848,-0.048733488,0
6.9735723,4.5882444,2
-2.6898482,-0.07073714,0
6.76704,4.2674193,2
-2.561005,-0.052276805,0
7.372631,4.6631765,2
7.377882,4.615819,2
2.1612875,1.9364183,1
6.577161,4.082073,2
6.2358074,3.936679,2
-2.710083,-0.04406871,0
2.1740394,2.0021164,1
-2.6426022,-0.04314573,0
2.1869931,1.9760312,1
7.225696,4.5199285,2
-2.6061554,-0.052495077,0
2.0564063,1.925006,1
7.73279,4.814381,2
-2.6362817,-0.0885122,0
-2.6866078,-0.07674338,0
-2.6371038,-0.07921173,0
-2.7446516,-0.11430664,0
6.5192833,4.2235713,2
2.1189005,1.8757256,1
-2.6421347,-0.06635071,0
1.9966621,1.9365025,1
7.3899236,4.6204243,2
1.7932516,1.4081194,1
6.7619863,4.4016047,2
-2.676439,-0.05854465,0
-2.686101,-0.087143555,0
-2.7049108,-0.12165864,0
6.8450165,4.1194224,2
2.2297766,2.0621338,1
7.6459904,4.8529196,2
2.047065,1.6161438,1
-2.7068734,-0.046627417,0
-2.6497948,0.0138999075,0
-1.3913573,0.4709651,0
2.733284,2.200376,1
-2.6712518,-0.1035604,0
-2.6847649,-0.09630491,0
-2.5786674,-0.04352714,0
4.3971615,3.08954,1
1.432005,1.575647,1
-2.6310441,-0.108769014,0
1.9784193,1.9055773,1
-2.6582196,-0.067325726,0
2.111328,1.8697699,1
-2.6426961,-0.026085272,0
8.325647,5.049664,2
2.2090592,1.987901,1
-2.8148537,-0.16124828,0
2.200412,1.9859452,1
2.1821582,1.8904649,1
-2.5948389,-0.1043628,0
-2.7040184,-0.05081363,0
6.6254625,4.1849785,2
-2.6391506,-0.08400495,0
-2.5782692,-0.048628464,0
5.0797653,3.406495,2
6.647163,3.969185,2
-2.552928,-0.045251265,0
7.1590242,4.3920813,2
-2.722543,-0.116180494,0
2.0726426,2.0786984,1
2.274885,1.8781992,1
7.3805647,4.401582,2
-2.6956275,-0.089237824,0
6.888604,4.3111267,2
2.1267247,1.8705941,1
-2.6687849,-0.05955054,0
-2.5842588,-0.062305644,0
1.9976027,1.9081999,1
-2.611331,-0.101045206,0
-2.6686077,0.005792126,0
-2.597781,-0.10521759,0
8.244892,5.1644573,2
-2.6901891,-0.110229865,0
8.638834,5.432211,2
2.186323,1.9371327,1
7.4108047,4.807225,2
6.5830746,4.191402,2
-2.5572019,-0.07813068,0
-2.6724684,-0.10830118,0
2.0489526,1.9336265,1
6.869773,4.316877,2
2.2120273,1.7681054,1
2.1074157,1.8384618,1
2.1230454,2.1115642,1
2.794735,2.2295218,1
-2.6420891,-0.06341453,0
-2.6735778,-0.12458469,0
3.6142943,2.7347794,1
7.464032,4.825999,2
-2.605645,-0.078750625,0
7.0925694,4.4188232,2
7.161798,4.4117785,2
2.155755,2.0131977,1
7.8344507,4.9085965,2
8.464312,5.2665997,2
6.6848154,4.1094737,2
-2.6697223,-0.112723604,0
-2.6387446,-0.037358716,0
2.2252061,2.0150938,1
-2.6724238,-0.08334704,0
6.2192564,3.9504004,2
-2.6698737,-0.11528696,0
7.6241417,4.6633353,2
-2.607043,-0.09613325,0
-2.6479473,-0.08416964,0
6.7357635,4.146427,2
-2.6680925,-0.10543646,0
5.5597906,3.6541052,2
-2.5858476,-0.064719096,0
-2.6622968,-0.10622884,0
2.0354395,1.9004656,1
2.1699612,1.9826133,1
-2.6855695,-0.10317494,0
-2.6368306,-0.09140314,0
-2.7168965,-0.09366359,0
-0.15217383,0.804288,0
8.717249,5.2061663,2
2.267839,2.048812,1
2.0505152,2.207661,1
8.606726,5.2605844,2
2.0507436,2.101702,1
-2.7065237,-0.04115428,0
2.1165972,2.1997159,1
2.2469678,1.8783062,1
-2.6828961,-0.063501135,0
-2.7216957,-0.054165915,0
-2.6639607,-0.11513211,0
-2.6930017,-0.107597485,0
3.224365,2.219533,1
2.426627,2.1046896,1
6.5956564,4.2325006,2
2.5429735,2.1135,1
7.020684,4.469431,2
6.8635836,4.3483467,2
2.0457222,2.0345387,1
2.0244572,1.8912427,1
2.3800466,2.0010774,1
1.6817687,1.6379791,1
-2.6683595,-0.08673431,0
-2.6886008,-0.0725366,0
-2.6672678,-0.05537255,0
-2.705933,-0.07478,0
-2.743345,-0.11273928,0
2.0761158,2.0877745,1
-2.5883632,-0.06404723,0
6.8683395,4.3594236,2
6.985606,4.304777,2
-2.6668794,-0.067634895,0
2.2324722,2.0028718,1
2.472307,2.0946689,1
2.2790368,1.8998476,1
7.439906,4.6620164,2
5.958153,3.6600733,2
2.183509,1.9186077,1
-2.6327984,-0.10873343,0
-2.7496564,-0.14138378,0
2.2739239,1.9449667,1
2.120051,1.9723866,1
2.0318403,1.7834772,1
-2.5697892,-0.08570422,0
-2.7336357,-0.08161779,0
-2.6427972,-0.07278396,0
-2.7026298,-0.10263087,0
-2.6760042,-0.10791357,0
6.277293,4.0873165,2
2.1306984,1.9404309,1
-2.5994506,-0.1057774,0
-2.6347175,-0.093739524,0
2.1871884,2.0639324,1
2.197665,1.9821502,1
5.476055,3.6457474,2
2.61987,2.357763,1
-2.6275482,-0.018396094,0
-2.505698,-0.018308058,0
3.9891021,2.5025916,1
5.3569117,3.5055323,2
-2.735781,-0.04767771,0
2.1520274,1.9977492,1
-2.583823,-0.09697677,0
2.1453633,1.9322616,1
5.932926,3.8788424,2
-2.735827,-0.059076026,0
6.842326,4.0802646,2
2.2163925,2.0033557,1
-2.6797829,-0.11020304,0
2.2862384,2.0090692,1
2.3129516,1.9461955,1
2.1860645,1.9499203,1
2.160587,2.0016954,1
-2.6592128,-0.10276188,0
-2.6044836,-0.023759797,0
2.6140614,2.0792968,1
8.920277,5.538595,2
-2.65189,-0.059584215,0
-2.6966765,-0.12122704,0
2.164253,1.8975435,1
7.5690017,4.691122,2
-2.7121737,-0.04780002,0
6.98713,4.141603,2
-2.6047118,-0.09718616,0
2.2658858,1.976002,1
2.1750467,1.933667,1
-2.684312,-0.033579245,0
-2.983425,-0.3663112,0
-2.6926534,-0.06049557,0
-3.0582335,-0.35152286,0
-2.6819246,-0.05951263,0
1.9902072,1.7644297,1
4.481299,3.1397016,1
6.1022797,3.970974,2
-2.6761577,-0.10587545,0
-2.5998542,-0.09670837,0
-2.6315784,-0.06452753,0
-2.666951,-0.076918736,0
-2.655996,-0.103292,0
-2.6513002,-0.080798045,0
-2.5881834,-0.070803,0
1.9847307,1.9793121,1
-2.6239128,-0.08196516,0
-2.741072,-0.15029795,0
-2.6922152,-0.11792566,0
1.8802471,2.0400977,1
2.1083603,1.9328872,1
7.279493,4.2809505,2
-2.5972874,-0.04064448,0
2.1400056,2.0955887,1
-2.7544172,-0.12518717,0
6.902608,4.321932,2
-2.563138,-0.09075405,0
2.661549,2.1784346,1
6.389674,4.1287713,2
-2.66411,-0.08822979,0
-2.5743554,-0.06639685,0
7.9453855,4.963832,2
-2.6427298,-0.06026955,0
1.8590673,1.6314931,1
-2.588362,0.072801456,0
-2.53507,-0.017781273,0
2.1253617,1.9147606,1
3.9292853,2.8716526,1
-2.5622015,-0.07750614,0
-2.5838075,-0.06306602,0
-2.6910987,-0.10776384,0
-2.6763008,-0.05895193,0
-1.9543166,0.15080081,0
-2.740143,-0.13848545,0
-2.632143,-0.095025614,0
-2.7025383,-0.100865975,0
-2.668649,-0.069632664,0
-2.6232016,-0.0900463,0
-2.6805894,-0.10134561,0
-2.6725948,-0.10035111,0
2.284732,2.0501223,1
-2.559685,-0.101518944,0
-1.7598386,0.16618054,0
8.016399,4.8352838,2
0.9144746,1.2106975,1
2.178559,1.9708887,1
-2.531143,-0.10936274,0
2.147492,1.9265016,1
-2.6526215,-0.08191134,0
-2.609368,-0.07264604,0
-2.5488558,-0.12115039,0
2.2378566,1.948266,1
-2.6521409,-0.0911894,0
2.1275153,1.9149524,1
2.1263824,1.8162696,1
2.0513902,1.992261,1
2.040795,2.120962,1
-2.6864064,-0.07126625,0
5.403127,3.560141,2
2.1909933,1.9902954,1
2.199649,1.9819697,1
7.829891,4.945677,2
6.8834934,4.235514,2
-2.6780987,-0.045352057,0
7.2352266,4.60828,2
8.495123,5.1689177,2
8.606659,5.1447306,2
-2.7077625,-0.12060918,0
7.962723,5.000881,2
3.3043892,2.4454443,1
-2.6481564,-0.06687762,0
-2.637815,-0.075860575,0
2.5000944,2.2909265,1
-2.7054844,-0.042543367,0
3.6203673,2.564922,1
2.0923624,1.9786098,1
-2.591923,-0.08619274,0
-2.7629888,-0.09885956,0
7.1663265,4.2883058,2
2.3152256,2.2858975,1
-2.7066858,-0.084601834,0
1.0549058,1.3905,1
7.465042,4.495955,2
-2.7285984,-0.13244642,0
2.1506696,1.982838,1
2.3108747,2.4616897,1
2.009333,1.9619128,1
3.3600233,2.7068148,1
-2.6446364,-0.07210399,0
-2.5468903,0.11279611,0
1.5094615,1.608723,1
2.1573446,1.979002,1
2.7387576,2.3110073,1
-2.6797638,-0.044151857,0
-2.559568,0.09127091,0
-2.749048,-0.15501805,0
-1.236968,0.59781176,0
6.3094435,3.8163376,2
2.0698404,1.9912957,1
1.5361761,1.5581648,1
2.4562082,2.0600755,1
7.212047,4.0579114,2
-2.6684563,-0.064619735,0
-2.7325861,-0.120226696,0
-2.7118843,-0.11963023,0
-2.7192242,-0.08105089,0
1.8996634,1.8621985,1
2.2401488,1.995251,1
-2.7331898,-0.13395752,0
-2.6170504,-0.037111893,0
2.1337807,1.9708886,1
-2.67956,-0.0417632,0
2.1554897,1.9360553,1
6.8136606,4.294794,2
-2.5726116,-0.06149091,0
-2.6495163,-0.09524383,0
-2.7309372,-0.11150272,0
-2.6438391,-0.097817674,0
-2.7098134,-0.10182382,0
7.46805,4.6071634,2
7.155755,4.442921,2
-2.6616085,-0.12401046,0
7.9706755,4.9426737,2
-2.5823357,-0.09950282,0
-2.5114725,-0.03204377,0
-2.5849082,-0.06246592,0
2.2266874,2.0039928,1
-2.6524482,-0.09777035,0
7.1774235,4.4368,2
-2.6483424,-0.06723578,0
6.6824656,4.1510525,2
2.1302066,2.0255506,1
3.5918982,2.5738742,1
-2.6426241,-0.05983831,0
2.0810363,1.962823,1
-2.5998275,-0.04735388,0
2.2506082,2.2207248,1
-2.6675518,-0.065359965,0
-2.6489804,-0.10480751,0
-2.6900117,-0.08778836,0
-2.678067,-0.1237234,0
-2.67619,-0.10664405,0
-2.6247122,-0.08784647,0
8.44422,5.4562855,2
6.1619253,3.9142122,2
-2.6490958,-0.10579081,0
2.2524803,1.8903714,1
7.6709023,4.7657576,2
2.2753556,2.0902774,1
2.132813,1.9473761,1
2.1416032,1.9568629,1
-2.547733,-0.088431135,0
-2.628306,-0.06659247,0
2.05801,1.8086547,1
-2.6609285,-0.10215594,0
-2.6276839,-0.071933165,0
2.2695785,1.9726113,1
-2.6643188,-0.08201142,0
2.1035898,2.0207314,1
-2.601509,-0.06122671,0
-2.6340144,-0.04384528,0
2.084812,1.9117705,1
1.8272917,1.6852823,1
5.193952,3.3492336,2
2.1991773,1.8882298,1
-2.7058518,-0.04512532,0
2.2709143,2.1009734,1
2.1621776,1.9722216,1
-2.6606274,-0.10416545,0
-2.6468122,-0.085236326,0
-2.6893141,-0.12839974,0
5.527027,3.4247184,2
2.395968,1.9971639,1
3.5307605,2.5909796,1
2.3276603,1.8966112,1
2.0174947,2.1429703,1
-2.562091,-0.0942076,0
2.2334263,1.910953,1
5.521634,3.7066731,2
-2.6136377,-0.10344125,0
-2.6185267,0.0016146153,0
-2.642601,-0.09016307,0
2.2059596,1.9469695,1
2.0783408,1.8442892,1
-2.6202688,-0.08522989,0
-1.6592476,0.25263375,0
6.8593674,4.3469257,2
4.652106,3.205402,2
-2.6203568,-0.10734244,0
-2.6639984,-0.060184553,0
2.0562458,1.9484036,1
6.370199,4.0802026,2
2.1799397,1.9903117,1
0.5913507,1.1688712,1
8.578348,5.27277,2
6.1330004,3.7697265,2
-2.687226,-0.11378838,0
-2.6341534,-0.06896992,0
7.5893126,4.8217335,2
-2.6017652,-0.10170044,0
7.3511486,4.6380863,2
-2.6890616,-0.08439793,0
2.546783,2.1763606,1
2.1256547,1.9619203,1
-2.698187,-0.10996713,0
-2.6453533,-0.08736141,0
-2.6132002,-0.043651655,0
-2.6328497,-0.021801963,0
5.363739,3.4982905,2
-2.6697476,-0.104286745,0
-2.6017745,-0.079020634,0
-2.6247752,-0.09510006,0
2.404188,1.9991356,1
-2.6553705,-0.06473468,0
-2.569921,-0.110811725,0
2.0902796,2.1549609,1
7.5759573,4.6689873,2
2.166009,2.126568,1
-2.5923898,-0.10622455,0
1.8647256,1.9942284,1
2.3826158,2.124974,1
2.2146018,2.0161517,1
-2.6954868,-0.037771,0
3.2301624,2.5026026,1
-2.5681212,-0.052697316,0
-2.673877,-0.09560074,0
-2.5919087,-0.049733296,0
1.292912,1.695455,1
2.1443875,1.8987935,1
2.5188477,1.8909491,1
-2.741924,-0.09915103,0
-2.6661952,-0.072620705,0
7.2562795,4.393649,2
6.738471,4.211154,2
2.1940694,1.9827684,1
6.900776,4.211196,2
2.1829371,1.8894475,1
-2.6055536,-0.0839047,0
-2.6439545,-0.09054847,0
2.7187054,2.1700263,1
7.3041067,4.569807,2
-2.663385,-0.10597052,0
2.0100105,1.7926815,1
-2.6884184,-0.03818293,0
-2.6490366,-0.09767236,0
-2.7227404,-0.24293204,0
2.3290863,2.2095332,1
7.927105,4.948224,2
-2.6542523,-0.06137915,0
-2.6365988,-0.08910991,0
2.1676495,1.9729942,1
-2.699651,-0.111530736,0
-2.5888498,-0.10645278,0
-2.6626987,-0.088152304,0
-2.5600312,-0.06754698,0
2.244122,1.9469565,1
2.0070853,1.7252448,1
-2.6052537,-0.07722284,0
-2.6449916,-0.08200587,0
1.9339463,1.7102728,1
2.3181024,2.2378736,1
-2.6383324,-0.09126808,0
5.431191,3.5417337,2
-2.538591,-0.13144727,0
-2.5851023,-0.067182735,0
2.244202,2.166823,1
2.000669,2.046837,1
-2.66376,-0.108874395,0
2.694523,2.2171502,1
2.3018706,1.9413418,1
2.2224114,2.022661,1
1.6028372,1.760023,1
-2.6301305,-0.08191766,0
2.114061,1.9377251,1
2.0778925,2.020389,1
2.0765264,2.0055206,1
2.1170964,2.0140667,1
2.1535013,1.9751558,1
4.4493337,3.0393672,1
2.126843,1.9090457,1
2.157732,1.9694213,1
2.0287457,1.86661,1
-2.686768,-0.061200157,0
2.4257238,1.9996585,1
-2.6495268,-0.10729273,0
2.161121,2.007806,1
-2.6582935,-0.07903619,0
-2.6117275,-0.07779981,0
-2.5945415,-0.06905122,0
-2.6029723,-0.074333504,0
2.2867308,1.7803375,1
2.1063538,1.8877009,1
-2.5960712,-0.07355209,0
-2.7091148,-0.086154535,0
2.0988815,1.9278313,1
2.092888,1.9363528,1
2.2732537,2.139594,1
2.6305354,2.1753452,1
-2.5520484,-0.049637273,0
8.878425,5.5135827,2
6.873332,4.199698,2
-2.6613204,-0.09862389,0
-2.6977415,-0.10092141,0
2.0261834,1.7820227,1
7.935673,5.12595,2
-2.6950834,-0.10627188,0
-2.6713865,-0.1257052,0
5.2042007,3.3660498,2
-2.6900744,-0.05261238,0
8.56347,5.3098536,2
2.1215978,1.9387443,1
2.3034787,2.0427732,1
6.3279943,3.9595876,2
-2.6799269,-0.10923536,0
-2.718792,-0.08633752,0
2.4714415,1.9404527,1
-1.5224972,0.35955572,0
-2.6957598,-0.092031375,0
-2.5191061,-0.04455085,0
-2.6491697,-0.066634014,0
7.4422927,4.711076,2
2.5610669,2.0977755,1
-2.5857801,-0.06968416,0
-0.7145643,0.84527564,0
-2.709066,-0.07286681,0
5.242047,3.3835917,2
-2.5505884,-0.07846649,0
1.861418,1.9088376,1
2.0581753,2.0683968,1
3.4652095,2.69663,1
2.0259507,1.8641665,1
-2.6164823,-0.10859175,0
