Cluster,Confidence
2,0.95999694
1,0.9318862
2,0.91322005
0,0.9556236
2,0.83598727
1,0.9319909
2,0.83037585
1,0.93096936
0,0.955503
1,0.8918895
2,0.9421576
0,0.9557181
2,0.94726896
0,0.9557855
0,0.955751
2,0.95269454
1,0.92634076
0,0.9555254
0,0.9556638
1,0.93011963
0,0.9557455
2,0.95311373
2,0.8343638
0,0.955721
1,0.9316524
1,0.91442746
2,0.9579079
2,0.9392125
2,0.96016335
1,0.93283576
2,0.8664074
2,0.95098513
1,0.9330816
2,0.9481541
0,0.9557536
1,0.9316513
1,0.9282195
0,0.95564634
0,0.95581514
1,0.9319414
1,0.93292785
0,0.9557638
0,0.95553386
1,0.93315065
1,0.89016616
1,0.93239814
2,0.90716296
1,0.90703875
1,0.93275833
1,0.9200753
1,0.92968124
1,0.9329805
0,0.9557478
0,0.95567954
2,0.9605647
2,0.9512566
0,0.95552033
2,0.9531078
0,0.95578027
2,0.9307804
2,0.8802146
1,0.6305958
0,0.955753
0,0.95581836
1,0.9330472
2,0.9576586
1,0.9322901
0,0.95568377
0,0.9558182
1,0.9299745
1,0.9333349
2,0.8792616
0,0.90993476
1,0.92646253
0,0.95557636
1,0.9327581
1,0.9333891
1,0.9274629
0,0.8418648
0,0.95576584
2,0.8848152
0,0.9557002
2,0.9448216
1,0.9285465
0,0.9557807
0,0.955796
0,0.95573694
1,0.93186957
2,0.9362238
1,0.92779267
1,0.5625536
0,0.95576495
2,0.93420064
2,0.8363113
1,0.9331633
0,0.95570326
0,0.955824
1,0.93312174
0,0.9558101
2,0.93840075
0,0.9557175
1,0.93318576
1,0.9275049
2,0.8673154
2,0.9568071
2,0.9342403
2,0.95617604
2,0.9581111
0,0.9557372
1,0.9153046
1,0.9330254
0,0.9555736
0,0.95579976
0,0.9558148
0,0.955767
0,0.9557913
0,0.9558143
1,0.9325071
2,0.9138979
0,0.95555085
0,0.9557702
0,0.9558251
0,0.955594
2,0.92331076
0,0.9552955
1,0.93286794
0,0.9556805
0,0.9556488
0,0.9558062
0,0.9553919
1,0.92805517
0,0.9555465
1,0.9241305
0,0.95547694
1,0.93246144
1,0.93183994
1,0.9297966
0,0.9556729
1,0.92984426
0,0.95582247
0,0.95580953
2,0.93318695
2,0.95778966
2,0.96028495
2,0.960076
0,0.95530975
0,0.9557195
2,0.9568096
1,0.90065974
1,0.9325707
1,0.93271023
1,0.923314
1,0.9331803
1,0.8690115
0,0.9556017
1,0.93138814
1,0.9319969
0,0.9558139
2,0.91906655
0,0.95579565
1,0.928915
1,0.9332549
1,0.93232286
1,0.8762724
0,0.9557308
0,0.95577675
0,0.95573527
1,0.91374433
2,0.9049852
0,0.9555548
1,0.9229149
1,0.92855614
0,0.9558137
0,0.9557703
2,0.9513938
0,0.9555922
0,0.9558014
0,0.9558029
1,0.9332976
0,0.955786
1,0.9332715
0,0.9558216
0,0.9556262
1,0.9329759
0,0.95564777
2,0.9497699
1,0.90321463
1,0.92354846
0,0.9558244
1,0.9320173
1,0.9328826
1,0.8941185
0,0.95551264
2,0.9329072
2,0.9441909
2,0.9398135
2,0.9314198
0,0.95581675
0,0.9557902
1,0.9320579
0,0.9557182
1,0.9320603
0,0.9551924
0,0.9556514
1,0.9330443
0,0.9558153
0,0.9555723
1,0.9330604
1,0.93188965
0,0.9558253
1,0.92438793
0,0.95519644
1,0.9328958
2,0.9011436
1,0.9325956
0,0.9556775
1,0.93197024
0,0.9557177
1,0.93156415
2,0.9582538
0,0.9556146
0,0.95545137
0,0.95582455
0,0.95567733
0,0.9552277
0,0.9425996
0,0.9518635
0,0.9558275
0,0.9558282
0,0.95563996
1,0.87456864
0,0.9557206
0,0.95562166
1,0.92285454
0,0.9555099
0,0.95581615
2,0.67305297
0,0.9557902
0,0.95582825
2,0.95660716
0,0.9558225
1,0.9333292
0,0.9558046
2,0.9605431
1,0.92977583
0,0.9557795
0,0.95577574
2,0.9540464
0,0.9556587
0,0.9558134
0,0.95576096
0,0.9555939
1,0.93021053
1,0.9329424
0,0.95534384
0,0.9555689
1,0.825355
2,0.9573196
0,0.95562035
1,0.930001
0,0.9557008
1,0.93164575
2,0.92651296
2,0.9600933
0,0.95574015
2,0.9268397
0,0.9557788
0,0.95575386
0,0.95582604
0,0.9556023
1,0.9260839
0,0.9557076
0,0.91523224
2,0.9571264
0,0.9557837
1,0.93280184
0,0.95582616
2,0.9452286
1,0.9291211
0,0.9553135
1,0.89881235
0,0.95580184
1,0.83033663
2,0.9554787
2,0.9455675
0,0.95579964
0,0.95576036
0,0.95562387
2,0.9566388
0,0.9557122
0,0.95570916
0,0.955694
0,0.95567536
2,0.83495027
0,0.9555601
0,0.9558271
1,0.9308786
0,0.9556376
1,0.9248339
2,0.91442305
0,0.95551133
2,0.9366661
1,0.9323908
2,0.9532825
0,0.585071
2,0.92462814
2,0.95614773
0,0.9557309
2,0.96002823
2,0.9537795
2,0.95821196
0,0.9557858
0,0.9553916
0,0.9556654
0,0.95577335
1,0.89769024
2,0.95402884
0,0.95571965
1,0.92681086
0,0.9557886
0,0.9557875
1,0.9279391
0,0.9557092
0,0.9557728
1,0.93328965
1,0.9333901
1,0.9267881
2,0.9501787
0,0.9557166
0,0.9558173
2,0.89308053
2,0.90099317
1,0.9324633
1,0.9324788
2,0.94958
1,0.9324816
0,0.9548989
1,0.9319336
1,0.92737854
1,0.9323936
1,0.93321663
0,0.9558292
1,0.93295556
0,0.9557728
0,0.9555338
1,0.93239707
1,0.9311417
0,0.9556282
2,0.95902276
2,0.9348183
0,0.9557474
0,0.9557098
0,0.95580757
2,0.8939649
2,0.90108037
1,0.9326091
0,0.9557925
0,0.9550083
0,0.95571107
0,0.9557196
0,0.95561945
1,0.93148404
1,0.8274382
1,0.9300569
0,0.9556657
0,0.8314454
1,0.932203
0,0.9557733
0,0.9556477
2,0.9592906
1,0.9333524
1,0.92941463
0,0.9550511
2,0.9572747
1,0.7250922
2,0.9493662
0,0.95574915
1,0.9298001
2,0.9564902
0,0.9554195
0,0.955778
1,0.9281177
0,0.9558265
2,0.9605573
1,0.929965
1,0.9294869
1,0.9313454
0,0.95581424
2,0.8977145
0,0.9554071
1,0.72324735
0,0.9505995
2,0.54229724
1,0.9331517
1,0.9312618
1,0.9324246
1,0.9329826
0,0.95580673
1,0.9332941
0,0.95553905
1,0.932145
1,0.93339247
0,0.9555994
0,0.95574975
1,0.93019557
2,0.946223
0,0.95579946
1,0.9315918
0,0.9555834
2,0.95857865
0,0.9558127
1,0.9316683
0,0.9558059
0,0.9556667
1,0.9333853
0,0.7821019
2,0.9340802
0,0.9552194
0,0.9557579
1,0.93330145
0,0.9557988
1,0.93274325
1,0.9296238
0,0.95578384
1,0.9301732
1,0.93304455
0,0.9558241
0,0.9554727
0,0.9557349
0,0.9556446
1,0.93291694
0,0.95488685
1,0.91806537
1,0.9323362
0,0.9553679
1,0.9330784
2,0.93563336
0,0.95560485
2,0.86309487
1,0.93339086
2,0.95948267
1,0.9219563
2,0.9421332
0,0.9556175
1,0.9321605
0,0.955728
1,0.9315556
2,0.9433365
0,0.9557954
0,0.9557707
0,0.9557101
2,0.90292335
1,0.92856145
1,0.9257328
0,0.9558275
0,0.95549417
2,0.9526562
1,0.93336153
0,0.95576555
0,0.9557895
1,0.92997575
1,0.93338877
2,0.9489319
1,0.92660326
0,0.95579123
2,0.85283095
2,0.87356263
1,0.9318308
1,0.93255264
2,0.9435369
1,0.927023
2,0.9595901
1,0.9327082
0,0.95550483
0,0.9430657
0,0.95572627
0,0.9557776
1,0.93331283
1,0.82972986
1,0.92630047
2,0.9600345
0,0.9556876
1,0.9324761
1,0.92911714
0,0.9558276
0,0.9557524
2,0.9318439
0,0.9555245
1,0.93209887
1,0.9332502
0,0.9557581
0,0.9557151
1,0.9333918
2,0.9555234
0,0.95579267
0,0.9557395
1,0.93287337
2,0.89317787
2,0.9585718
2,0.86897594
1,0.93203306
0,0.9558016
0,0.9555445
0,0.95575523
0,0.95576936
1,0.93163663
2,0.9537173
0,0.9558164
2,0.9365591
1,0.93327135
0,0.95571953
1,0.9263179
0,0.95572424
0,0.95580196
0,0.95576406
0,0.95551217
0,0.95582813
0,0.9553136
1,0.9261563
0,0.95576435
0,0.9554958
1,0.88106686
0,0.9557677
1,0.93317366
1,0.92936987
0,0.9556665
0,0.9557955
0,0.9552035
0,0.9558195
0,0.9556082
0,0.9556782
0,0.95580864
0,0.95574033
2,0.68313015
0,0.9558241
0,0.95580286
2,0.9583429
2,0.9519007
2,0.9582285
0,0.95571893
0,0.95581335
1,0.47991922
0,0.955811
1,0.9300933
1,0.93338656
0,0.95307314
1,0.85879034
0,0.95564663
2,0.9559369
1,0.9312321
0,0.9558246
2,0.94001454
2,0.7745641
2,0.95832545
2,0.94340754
1,0.93270826
1,0.9330925
0,0.9557878
2,0.95808136
2,0.90530914
1,0.9308711
0,0.9556243
2,0.93872684
2,0.9603475
1,0.9331121
0,0.9556947
1,0.9313651
1,0.93006074
0,0.9558185
1,0.92573386
0,0.9555523
0,0.9416576
1,0.93150896
1,0.9333256
2,0.9585139
1,0.9318889
1,0.9333449
0,0.95582855
2,0.96005976
2,0.8873054
2,0.95130897
1,0.93335664
1,0.92926353
1,0.9285357
1,0.9318608
1,0.91313887
1,0.93317205
1,0.9072623
1,0.9318474
1,0.9295051
2,0.95667815
1,0.9038261
2,0.945723
0,0.95576346
1,0.9322698
1,0.9326119
2,0.9377977
1,0.9313173
2,0.7114673
1,0.9333003
0,0.95576864
0,0.9519716
1,0.9323863
0,0.95571804
0,0.95577246
0,0.95581025
1,0.93170696
1,0.91743916
0,0.9557319
0,0.92847437
2,0.9604644
1,0.6734995
0,0.9557729
0,0.9557791
1,0.9311231
0,0.95571524
0,0.9554305
1,0.9255037
0,0.9556175
0,0.9556046
0,0.95541
0,0.9558165
1,0.93332756
0,0.95565236
0,0.95541567
1,0.89115435
0,0.9557903
0,0.95576066
2,0.9525871
1,0.7346659
1,0.932904
0,0.9557578
0,0.95572174
2,0.95537823
0,0.9552429
2,0.9244325
1,0.80845153
1,0.93199027
1,0.93201286
0,0.9556835
2,0.94978726
1,0.9333448
0,0.9556796
0,0.95559543
0,0.95577854
0,0.955539
1,0.88289994
0,0.9557421
0,0.95553285
1,0.9332354
0,0.9106448
0,0.9556284
1,0.9333423
0,0.9557138
0,0.9555764
1,0.9297763
2,0.94888717
2,0.95473844
1,0.93294024
2,0.9508023
1,0.9274361
1,0.93112755
2,0.9590612
1,0.93169665
0,0.9558057
0,0.955816
1,0.9330417
1,0.93317485
2,0.9583017
0,0.9554579
0,0.9528552
0,0.95299464
1,0.9329917
0,0.95577854
0,0.95575917
0,0.9553021
0,0.955056
1,0.93329173
0,0.9557954
0,0.95581454
2,0.9036671
0,0.95573336
2,0.8952249
0,0.95577765
0,0.95562315
2,0.94391704
0,0.9557829
0,0.9553457
1,0.9329914
0,0.9557864
0,0.95543504
1,0.93184733
1,0.93059635
1,0.9205483
2,0.9594266
1,0.9320302
1,0.9326564
2,0.95808595
2,0.9505501
1,0.89236885
1,0.93068045
0,0.95579857
0,0.9557638
0,0.9557428
0,0.9557734
1,0.93339205
2,0.9570201
0,0.9556143
0,0.9556775
1,0.92897743
0,0.9557284
1,0.932998
1,0.93335664
0,0.955812
2,0.9065435
0,0.95565754
1,0.9197482
1,0.88527906
0,0.9558113
2,0.9259895
1,0.9317674
1,0.9318448
2,0.9604299
1,0.93313503
1,0.9330807
1,0.9332258
0,0.9557634
1,0.93159974
0,0.95576316
0,0.9556753
2,0.95697874
1,0.93311685
2,0.9040039
2,0.9386466
1,0.9296024
2,0.94006044
1,0.92714226
1,0.93241876
2,0.9321492
0,0.95543295
1,0.9281883
1,0.9296844
1,0.9282517
1,0.932585
2,0.90595317
0,0.955819
0,0.95582587
0,0.9557047
1,0.9310452
0,0.9557719
0,0.9556693
2,0.9603942
1,0.9328219
2,0.9412479
1,0.8530786
1,0.92835057
2,0.90510905
0,0.95569354
1,0.93189144
2,0.9239676
0,0.9558289
1,0.9323101
1,0.9333642
2,0.94860864
0,0.9557451
0,0.955743
0,0.95578635
1,0.7218278
0,0.9555417
0,0.95574844
1,0.89783245
1,0.9328362
0,0.9558164
2,0.9584981
0,0.95539284
1,0.9273399
1,0.9300862
1,0.92944217
0,0.95572615
2,0.9179088
0,0.954954
1,0.92686105
0,0.9555793
0,0.95555395
2,0.9602858
2,0.85848236
1,0.5961315
0,0.9555431
2,0.92467415
2,0.9472768
1,0.9309422
0,0.95578116
1,0.93335116
0,0.95582235
2,0.9537398
1,0.9329743
2,0.9605854
1,0.9330714
0,0.95510817
1,0.9332933
0,0.9558124
0,0.95575917
0,0.95576364
1,0.9328605
1,0.9332121
0,0.9557851
0,0.95563996
2,0.93886244
1,0.8863142
1,0.9330914
0,0.95573205
1,0.9151682
1,0.9228235
1,0.92657155
2,0.9603641
0,0.95573705
0,0.9557563
0,0.955779
0,0.95559263
2,0.96049094
0,0.9554245
0,0.95579064
1,0.93332094
0,0.9558175
2,0.96055746
0,0.95501184
1,0.8705448
0,0.9556927
0,0.95577264
0,0.95574576
1,0.9333763
2,0.933149
1,0.93312186
0,0.95561594
0,0.95582634
0,0.9557188
2,0.9602109
1,0.93196625
0,0.9555236
1,0.9315217
2,0.9589332
2,0.94461495
0,0.95578456
2,0.9335855
0,0.95581585
1,0.929847
0,0.95581454
1,0.93298
0,0.95578325
0,0.95582265
1,0.927708
2,0.9305748
2,0.66540784
0,0.95560634
2,0.8603841
1,0.9329967
0,0.955557
2,0.9605749
0,0.955532
0,0.9552937
0,0.9558171
0,0.9558122
0,0.9553469
1,0.9330263
1,0.9330382
1,0.9327594
1,0.93201816
2,0.9553516
0,0.9557652
1,0.93220824
2,0.9588353
1,0.9330469
1,0.9332342
0,0.95572466
1,0.90355265
1,0.9290199
1,0.9333296
1,0.9177186
1,0.9327747
0,0.9556738
0,0.95570344
0,0.95531577
1,0.9321926
0,0.95577544
1,0.9328646
0,0.9558224
0,0.9557728
0,0.95556486
0,0.9557961
0,0.955689
0,0.95541495
0,0.9556609
0,0.95572317
0,0.9555345
1,0.93338674
2,0.9314257
0,0.9558236
2,0.5137873
0,0.95581937
0,0.9553203
1,0.930013
2,0.9600336
0,0.9496652
0,0.9558265
0,0.9558167
0,0.955677
2,0.91933006
1,0.92806023
2,0.9590409
0,0.9552135
0,0.9558026
1,0.9331902
0,0.9555357
2,0.77038914
1,0.93325377
0,0.955503
2,0.93715215
1,0.89564514
0,0.9556134
0,0.95538026
0,0.9557315
0,0.95557344
0,0.955746
0,0.95555544
2,0.5771585
0,0.9558205
2,0.9448184
0,0.9557797
2,0.9526474
0,0.9558107
1,0.9283699
1,0.9332289
2,0.8875961
1,0.9330165
0,0.9557285
2,0.9284702
0,0.9556653
1,0.93302566
0,0.9554608
2,0.5653673
1,0.93336815
2,0.9604367
2,0.9489727
0,0.9557805
0,0.9557799
0,0.95581144
0,0.95570064
0,0.9553725
1,0.9039689
1,0.9332004
1,0.9332005
1,0.90483505
2,0.95556414
0,0.9557585
2,0.94803107
1,0.7054666
2,0.7792202
1,0.93278986
0,0.9557517
0,0.95582604
0,0.95513433
1,0.9295703
0,0.9557505
0,0.9556949
0,0.9557265
1,0.932386
1,0.84696555
1,0.93247974
1,0.93085665
0,0.95581406
0,0.95576483
0,0.9554186
0,0.9556612
1,0.93330777
2,0.92726904
0,0.9558107
1,0.9317884
0,0.9557921
1,0.92913115
1,0.9319903
0,0.95529854
1,0.93091667
1,0.93213224
0,0.86602557
1,0.93307483
2,0.9510758
0,0.9555709
2,0.95705616
1,0.9332517
0,0.9557159
0,0.9556717
0,0.9556509
1,0.93330175
0,0.9555304
1,0.9333579
2,0.93199
0,0.95573294
0,0.95542413
0,0.95567834
0,0.94605654
1,0.8349516
0,0.9557855
0,0.9557832
1,0.9333678
1,0.9326338
0,0.9557886
1,0.9312742
2,0.9137595
0,0.95576197
0,0.9558028
0,0.9558104
2,0.953961
1,0.922266
1,0.9332772
1,0.916822
0,0.9558209
2,0.9422976
0,0.9555844
1,0.9301783
1,0.9314036
2,0.8968587
1,0.9329946
0,0.95581245
0,0.9557941
0,0.9556726
0,0.95582193
0,0.9557963
0,0.9557698
0,0.95570093
0,0.95580554
0,0.955671
0,0.95581734
0,0.95579445
0,0.953978
0,0.95581836
0,0.95579314
1,0.92350376
0,0.9555516
1,0.9209819
2,0.8928145
1,0.9318949
1,0.6902651
2,0.9164982
0,0.95572627
1,0.9303825
2,0.9300971
0,0.95571566
0,0.9554187
1,0.9329035
0,0.9557664
1,0.93336064
2,0.8306861
2,0.959358
0,0.9557661
0,0.95580155
1,0.8864137
2,0.910729
2,0.94265586
0,0.9558097
2,0.9153641
0,0.9558276
2,0.8756289
0,0.9556154
0,0.95538163
0,0.95561653
0,0.95582575
1,0.9333555
1,0.79308444
2,0.95576036
1,0.92580736
0,0.95566636
1,0.93150467
1,0.9331285
0,0.9557676
0,0.9555386
2,0.9600387
0,0.95582163
1,0.93318605
0,0.9558094
0,0.955782
1,0.9326936
0,0.9556534
0,0.95574856
2,0.96010953
0,0.95541084
0,0.9557062
1,0.93253905
0,0.95578367
1,0.93199724
1,0.93333703
2,0.94778734
2,0.9514432
2,0.94809157
0,0.9558245
0,0.9555544
1,0.93316203
2,0.9602716
1,0.9321857
0,0.95568824
0,0.9558141
2,0.9601019
0,0.9553177
0,0.95580363
2,0.9600556
2,0.95682687
1,0.93276054
1,0.93156236
1,0.92931664
0,0.9546198
1,0.9333888
1,0.9143169
1,0.93331623
0,0.9557178
0,0.95582384
2,0.7835107
1,0.9332642
1,0.93262976
1,0.9273543
0,0.9555417
2,0.9529867
2,0.7664293
1,0.93106365
0,0.955823
1,0.93272305
2,0.9515491
0,0.95536697
1,0.9086183
0,0.95568615
0,0.95582765
1,0.9320255
1,0.93027663
2,0.69167346
1,0.9300464
2,0.9421357
1,0.7801322
1,0.8559514
0,0.95579994
1,0.9256512
1,0.93337446
1,0.93338513
1,0.922397
1,0.57193613
0,0.9558289
1,0.9331882
1,0.9322787
1,0.9333093
1,0.93149084
0,0.95577556
0,0.95580024
1,0.93270314
1,0.919519
1,0.9322779
0,0.955776
1,0.93092066
2,0.9566344
0,0.9557392
0,0.95582455
0,0.95144635
2,0.95258963
0,0.95579106
0,0.9557881
0,0.9558262
1,0.85907495
1,0.61002934
0,0.9558268
2,0.94898987
1,0.93071675
0,0.9557389
2,0.949409
0,0.9556536
1,0.86915356
0,0.95512843
1,0.92786175
1,0.93191725
0,0.95557594
0,0.9558125
0,0.95575094
1,0.93201697
0,0.95581937
0,0.9557836
0,0.95582664
2,0.9603968
0,0.95581585
1,0.93263537
0,0.9557974
0,0.9558133
2,0.9558638
1,0.92910403
0,0.9557941
1,0.9273376
1,0.90336895
2,0.9308686
0,0.9558279
1,0.9180365
1,0.9241337
0,0.9555985
1,0.6104659
0,0.9556237
2,0.9602774
0,0.9557215
0,0.9557013
1,0.9315505
0,0.9556854
1,0.9333569
1,0.933388
0,0.9556131
0,0.95580137
1,0.93031436
0,0.95570946
0,0.9555461
0,0.95541817
2,0.93293107
0,0.91244286
1,0.93211395
0,0.95572
0,0.9557505
1,0.9281046
0,0.9556991
1,0.93253225
0,0.9557889
2,0.7133179
0,0.95582527
0,0.9558109
0,0.9550693
0,0.8922193
1,0.9329387
1,0.93310314
0,0.955647
2,0.8990021
0,0.95559156
0,0.95578694
2,0.9453691
0,0.9556403
2,0.9305789
0,0.95577997
1,0.92709893
1,0.9333325
2,0.94639766
1,0.92966187
1,0.9261287
1,0.7337025
2,0.93016815
1,0.9255722
0,0.9558061
0,0.95581645
0,0.95578927
0,0.95571226
2,0.9281458
0,0.95578563
1,0.93037033
0,0.95572066
2,0.95908535
0,0.95572686
2,0.9545809
0,0.95554394
2,0.9567659
2,0.957276
1,0.9333265
2,0.94255286
2,0.91132647
0,0.95558476
1,0.93316424
0,0.9557749
1,0.93319327
2,0.959933
0,0.9557533
1,0.9328833
2,0.9454936
0,0.9558258
0,0.9557421
0,0.95582885
0,0.9553596
2,0.94328225
1,0.93295187
0,0.95582163
1,0.9320367
2,0.9570229
1,0.9055477
2,0.95566094
0,0.95575774
0,0.95574236
0,0.95559585
2,0.9536049
1,0.93207675
2,0.9472518
1,0.9255181
0,0.9556088
0,0.9554723
0,0.8444892
1,0.905355
0,0.9557679
0,0.9557388
0,0.95562303
1,0.5156311
1,0.88774014
0,0.9557934
1,0.93149585
0,0.9558092
1,0.93286335
0,0.95571285
2,0.91715
1,0.9329674
0,0.9544336
1,0.93305606
1,0.9329952
0,0.9557246
0,0.95563364
2,0.9477747
0,0.95582855
0,0.95563525
2,0.64910704
2,0.9416763
0,0.95546985
2,0.9604522
0,0.9555122
1,0.9322718
1,0.931799
2,0.9581488
0,0.955703
2,0.95801973
1,0.93291664
0,0.9557792
0,0.9556917
1,0.9319053
0,0.9557794
0,0.9555035
0,0.9557332
2,0.91774875
0,0.9556933
2,0.89256626
1,0.93320554
2,0.9535351
2,0.9459284
0,0.9555509
0,0.9557551
1,0.932833
2,0.9577202
1,0.93091065
1,0.93244314
1,0.93194175
1,0.8991449
0,0.9558181
0,0.95570594
1,0.74483854
2,0.9521503
0,0.9557826
2,0.9605785
2,0.9604943
1,0.93317026
2,0.9401669
2,0.9053187
2,0.9482967
0,0.95575136
0,0.9557567
1,0.9326284
0,0.95578635
2,0.9104462
0,0.95574415
2,0.95115215
0,0.9557761
0,0.95582575
2,0.9511724
0,0.9557717
2,0.7898092
0,0.955702
0,0.9557817
1,0.93247235
1,0.93327236
0,0.9557253
0,0.9558237
0,0.9555898
0,0.48568016
2,0.89501727
1,0.9316519
1,0.9292207
2,0.8989593
1,0.931709
0,0.9555951
1,0.9298175
1,0.93224764
0,0.9557449
0,0.95554096
0,0.9557572
0,0.9556879
1,0.8498417
1,0.9262054
2,0.9474112
1,0.9205604
2,0.9602627
2,0.95786947
1,0.9325249
1,0.93223405
1,0.92926174
1,0.9118681
0,0.95579475
0,0.9557329
0,0.9557752
0,0.95565635
0,0.9553738
1,0.9321616
0,0.955712
2,0.95804185
2,0.95931697
0,0.95579386
1,0.9326204
1,0.92446804
1,0.9318843
2,0.9555923
2,0.858707
1,0.9331617
0,0.9557946
0,0.9552216
1,0.9321306
1,0.9333633
1,0.9306751
0,0.9556292
0,0.9554868
0,0.9558268
0,0.9556542
0,0.9557465
2,0.9220226
1,0.9333721
0,0.95573765
0,0.95582074
1,0.9324914
1,0.9330934
2,0.771723
1,0.9070052
0,0.9556709
0,0.9549173
1,0.6860119
2,0.7297998
0,0.95543
1,0.9332727
0,0.9556915
1,0.93334913
2,0.8721516
0,0.95545346
2,0.95243555
1,0.93281126
0,0.95573
1,0.9316816
1,0.93131995
1,0.93322515
1,0.93322647
0,0.9557935
0,0.9556509
1,0.9170446
2,0.87647533
0,0.9558069
0,0.9556359
1,0.9331296
2,0.9522683
0,0.95558316
2,0.95659137
0,0.95576835
1,0.9322356
1,0.9332625
0,0.95566577
0,0.9489278
0,0.955704
0,0.9474199
0,0.95574236
1,0.929471
1,0.48676237
2,0.89915574
0,0.95575035
0,0.95575416
0,0.9558171
0,0.95579934
0,0.9557971
0,0.9558237
0,0.95571834
1,0.9318422
0,0.95581913
0,0.9552454
0,0.9556649
1,0.9286963
1,0.93329895
2,0.9587641
0,0.9556936
1,0.9322215
0,0.9552463
2,0.95837146
0,0.955586
1,0.9114562
2,0.9324605
0,0.9558028
0,0.9556479
2,0.9349236
0,0.9558134
1,0.92099905
0,0.95475954
0,0.9552141
1,0.93326914
1,0.66104543
0,0.9555838
0,0.9556906
0,0.9556953
0,0.9557588
0,0.9295076
0,0.9553098
0,0.95581794
0,0.9556577
0,0.9557917
0,0.95581436
0,0.95574534
0,0.9557701
1,0.93131167
0,0.95554996
0,0.91153413
2,0.9348429
1,0.78324693
1,0.93325806
0,0.9553108
1,0.93332696
0,0.95582235
0,0.9557901
0,0.9554248
1,0.93270403
0,0.95581794
1,0.9332736
1,0.9321515
1,0.9328555
1,0.9312474
0,0.9557403
2,0.7465982
1,0.93311477
1,0.9330771
2,0.9394411
2,0.9569148
0,0.95572364
2,0.95911235
2,0.9065218
2,0.901806
0,0.9555845
2,0.93336517
1,0.8251786
0,0.95581955
0,0.95582837
1,0.91711503
0,0.9556046
1,0.75981563
1,0.93324286
0,0.95573556
0,0.9552325
2,0.9596891
1,0.9243472
0,0.9556528
1,0.8246865
2,0.956473
0,0.9554177
1,0.93333715
1,0.91554
1,0.93231356
1,0.79445237
0,0.9558258
0,0.95390934
1,0.89698803
1,0.93333155
1,0.90047234
0,0.9557152
0,0.9543397
0,0.95515674
0,0.8048155
2,0.91109717
1,0.93304217
1,0.8967847
1,0.9257561
2,0.9549669
0,0.9557871
0,0.95543325
0,0.9555654
0,0.9555827
1,0.9288979
1,0.93255967
0,0.95538
0,0.9557346
1,0.9333816
0,0.9557088
1,0.9333419
2,0.9562206
0,0.9556317
0,0.95581615
0,0.9554686
0,0.9558159
0,0.9556188
2,0.9556659
2,0.9605387
0,0.9557339
2,0.9344709
0,0.955681
0,0.9550467
0,0.9556949
1,0.9326871
0,0.95581007
2,0.96045655
0,0.9558197
2,0.94934267
1,0.93310934
1,0.7645985
0,0.9558128
1,0.9331891
0,0.9557218
1,0.92811203
0,0.95579004
0,0.95580137
0,0.95572716
0,0.9556963
0,0.9557486
0,0.95581794
2,0.9002102
2,0.9025795
0,0.9557993
1,0.93226606
2,0.94827294
1,0.93090874
1,0.93338525
1,0.9333907
0,0.95548016
0,0.9558168
1,0.93154144
0,0.95579183
0,0.9558209
1,0.93218046
0,0.955805
1,0.93309
0,0.95575607
0,0.95577586
1,0.9330715
1,0.9217444
2,0.67085314
1,0.9328612
0,0.95561004
1,0.93080395
1,0.9333318
0,0.9557887
0,0.95582604
0,0.9556413
2,0.7576932
1,0.928754
1,0.7747514
1,0.93080693
1,0.9304855
0,0.9555759
1,0.9326582
2,0.7872805
0,0.95578015
0,0.955542
0,0.9558248
1,0.9330654
1,0.9323361
0,0.95581305
0,0.8968653
2,0.95777285
2,0.50451714
0,0.9557845
0,0.9557903
1,0.93295413
2,0.92934746
1,0.9331897
1,0.70961696
2,0.89995533
2,0.88997144
0,0.95569575
0,0.9558231
2,0.9494286
0,0.9557526
2,0.9574291
0,0.9557325
1,0.91875154
1,0.9333845
0,0.95566016
0,0.9558258
0,0.9557478
0,0.9556917
2,0.7305123
0,0.9557701
0,0.9557713
0,0.95581126
1,0.92845213
0,0.9558102
0,0.9555937
1,0.930926
2,0.9523903
1,0.9315539
0,0.95571166
1,0.9283987
1,0.9273888
1,0.9327425
0,0.9556368
1,0.8324179
0,0.95558923
0,0.9557734
0,0.95569944
1,0.8776823
1,0.933179
1,0.9236455
0,0.9554115
0,0.9557992
2,0.95981663
2,0.95272064
1,0.9331204
2,0.95681036
1,0.9329826
0,0.95578176
0,0.955824
1,0.90746987
2,0.95879287
0,0.95578027
1,0.9305088
0,0.95566696
0,0.9558132
0,0.95455927
1,0.9267468
2,0.9359683
0,0.95580715
0,0.95582557
1,0.9333086
0,0.9556498
0,0.955697
0,0.9558055
0,0.95556325
1,0.9326163
1,0.92874926
0,0.9557812
0,0.95582795
1,0.9265204
1,0.9260913
0,0.955824
2,0.7507391
0,0.95530504
0,0.9557016
1,0.9297995
1,0.9317483
0,0.9557733
1,0.9077846
1,0.9315677
1,0.93260103
1,0.9106701
0,0.95582545
1,0.93333286
1,0.93294626
1,0.9330315
1,0.9331793
1,0.93335164
1,0.5084257
1,0.9332392
1,0.93335134
1,0.932043
0,0.955728
1,0.92765033
0,0.9557958
1,0.9331882
0,0.9558154
0,0.9557977
0,0.9557419
0,0.95577353
1,0.93015015
1,0.93301946
0,0.9557507
0,0.95563936
1,0.9332379
1,0.93323344
1,0.9299603
1,0.9136729
0,0.95547533
2,0.87915677
2,0.9560712
0,0.95579684
0,0.9556801
1,0.930554
2,0.9308118
0,0.9556819
0,0.95570755
2,0.67563367
0,0.95569986
2,0.899609
1,0.93335485
1,0.93099517
2,0.9207934
0,0.9557318
0,0.9555839
1,0.9259839
0,0.8729557
0,0.95570016
0,0.9551723
0,0.9558186
2,0.9548128
1,0.91988003
0,0.9557071
0,0.649038
0,0.955639
2,0.68730223
0,0.9555039
1,0.9280471
1,0.9322868
1,0.7770572
1,0.93197083
0,0.95577514
